<?xml version="1.0" encoding="ISO-8859-1" standalone="yes" ?>
<un:pbmstore xmlns:un="http://usablenet.com/namespaces/508as_results">
  <un:pbmitem>
    <un:ruleid>nspIMGwValidALT</un:ruleid>
    <un:fileurl>file:///C|/Documents and Settings/Zakariya/My Documents/ShopoholicWebsite/index.htm</un:fileurl>
    <un:offset1>3079</un:offset1>
    <un:offset2>3261</un:offset2>
    <un:linenum>77</un:linenum>
    <un:status>FAILED</un:status>
    <un:message>ALT of image is the empty string "".</un:message>
  </un:pbmitem>
  <un:pbmitem>
    <un:ruleid>nspIMGwValidALT</un:ruleid>
    <un:fileurl>file:///C|/Documents and Settings/Zakariya/My Documents/ShopoholicWebsite/index.htm</un:fileurl>
    <un:offset1>3888</un:offset1>
    <un:offset2>4074</un:offset2>
    <un:linenum>89</un:linenum>
    <un:status>FAILED</un:status>
    <un:message>ALT of image is the empty string "".</un:message>
  </un:pbmitem>
  <un:pbmitem>
    <un:ruleid>nspIMGwValidALT</un:ruleid>
    <un:fileurl>file:///C|/Documents and Settings/Zakariya/My Documents/ShopoholicWebsite/index.htm</un:fileurl>
    <un:offset1>4318</un:offset1>
    <un:offset2>4367</un:offset2>
    <un:linenum>94</un:linenum>
    <un:status>FAILED</un:status>
    <un:message>No ALT defined for image.</un:message>
  </un:pbmitem>
  <un:pbmitem>
    <un:ruleid>nspIMGwValidALT</un:ruleid>
    <un:fileurl>file:///C|/Documents and Settings/Zakariya/My Documents/ShopoholicWebsite/index.htm</un:fileurl>
    <un:offset1>4783</un:offset1>
    <un:offset2>4972</un:offset2>
    <un:linenum>102</un:linenum>
    <un:status>FAILED</un:status>
    <un:message>ALT of image is the empty string "".</un:message>
  </un:pbmitem>
  <un:pbmitem>
    <un:ruleid>nspIMGwValidALT</un:ruleid>
    <un:fileurl>file:///C|/Documents and Settings/Zakariya/My Documents/ShopoholicWebsite/index.htm</un:fileurl>
    <un:offset1>6793</un:offset1>
    <un:offset2>6836</un:offset2>
    <un:linenum>158</un:linenum>
    <un:status>FAILED</un:status>
    <un:message>ALT of image is the empty string "".</un:message>
  </un:pbmitem>
  <un:pbmitem>
    <un:ruleid>nspIMGwValidALT</un:ruleid>
    <un:fileurl>file:///C|/Documents and Settings/Zakariya/My Documents/ShopoholicWebsite/index.htm</un:fileurl>
    <un:offset1>7337</un:offset1>
    <un:offset2>7372</un:offset2>
    <un:linenum>181</un:linenum>
    <un:status>FAILED</un:status>
    <un:message>No ALT defined for image.</un:message>
  </un:pbmitem>
  <un:pbmitem>
    <un:ruleid>nspIMGneedsLongdesc</un:ruleid>
    <un:fileurl>file:///C|/Documents and Settings/Zakariya/My Documents/ShopoholicWebsite/index.htm</un:fileurl>
    <un:offset1>3079</un:offset1>
    <un:offset2>3261</un:offset2>
    <un:linenum>77</un:linenum>
    <un:status>MANUAL</un:status>
    <un:message>Non-spacer image may need a LONGDESC attribute.</un:message>
  </un:pbmitem>
  <un:pbmitem>
    <un:ruleid>nspIMGneedsLongdesc</un:ruleid>
    <un:fileurl>file:///C|/Documents and Settings/Zakariya/My Documents/ShopoholicWebsite/index.htm</un:fileurl>
    <un:offset1>3888</un:offset1>
    <un:offset2>4074</un:offset2>
    <un:linenum>89</un:linenum>
    <un:status>MANUAL</un:status>
    <un:message>Non-spacer image may need a LONGDESC attribute.</un:message>
  </un:pbmitem>
  <un:pbmitem>
    <un:ruleid>nspIMGneedsLongdesc</un:ruleid>
    <un:fileurl>file:///C|/Documents and Settings/Zakariya/My Documents/ShopoholicWebsite/index.htm</un:fileurl>
    <un:offset1>4318</un:offset1>
    <un:offset2>4367</un:offset2>
    <un:linenum>94</un:linenum>
    <un:status>MANUAL</un:status>
    <un:message>Non-spacer image may need a LONGDESC attribute.</un:message>
  </un:pbmitem>
  <un:pbmitem>
    <un:ruleid>nspIMGneedsLongdesc</un:ruleid>
    <un:fileurl>file:///C|/Documents and Settings/Zakariya/My Documents/ShopoholicWebsite/index.htm</un:fileurl>
    <un:offset1>4783</un:offset1>
    <un:offset2>4972</un:offset2>
    <un:linenum>102</un:linenum>
    <un:status>MANUAL</un:status>
    <un:message>Non-spacer image may need a LONGDESC attribute.</un:message>
  </un:pbmitem>
  <un:pbmitem>
    <un:ruleid>nspIMGneedsLongdesc</un:ruleid>
    <un:fileurl>file:///C|/Documents and Settings/Zakariya/My Documents/ShopoholicWebsite/index.htm</un:fileurl>
    <un:offset1>6793</un:offset1>
    <un:offset2>6836</un:offset2>
    <un:linenum>158</un:linenum>
    <un:status>MANUAL</un:status>
    <un:message>Non-spacer image may need a LONGDESC attribute.</un:message>
  </un:pbmitem>
  <un:pbmitem>
    <un:ruleid>nspIMGneedsLongdesc</un:ruleid>
    <un:fileurl>file:///C|/Documents and Settings/Zakariya/My Documents/ShopoholicWebsite/index.htm</un:fileurl>
    <un:offset1>7337</un:offset1>
    <un:offset2>7372</un:offset2>
    <un:linenum>181</un:linenum>
    <un:status>MANUAL</un:status>
    <un:message>Non-spacer image may need a LONGDESC attribute.</un:message>
  </un:pbmitem>
  <un:pbmitem>
    <un:ruleid>DontRelyOnColorAlone</un:ruleid>
    <un:fileurl>file:///C|/Documents and Settings/Zakariya/My Documents/ShopoholicWebsite/index.htm</un:fileurl>
    <un:offset1>105</un:offset1>
    <un:offset2>7553</un:offset2>
    <un:linenum>3</un:linenum>
    <un:status>MANUAL</un:status>
    <un:message></un:message>
  </un:pbmitem>
  <un:pbmitem>
    <un:ruleid>ColorsAreVisible</un:ruleid>
    <un:fileurl>file:///C|/Documents and Settings/Zakariya/My Documents/ShopoholicWebsite/index.htm</un:fileurl>
    <un:offset1>105</un:offset1>
    <un:offset2>7553</un:offset2>
    <un:linenum>3</un:linenum>
    <un:status>MANUAL</un:status>
    <un:message></un:message>
  </un:pbmitem>
  <un:pbmitem>
    <un:ruleid>StyleSheetsNotNecessary</un:ruleid>
    <un:fileurl>file:///C|/Documents and Settings/Zakariya/My Documents/ShopoholicWebsite/index.htm</un:fileurl>
    <un:offset1>236</un:offset1>
    <un:offset2>299</un:offset2>
    <un:linenum>8</un:linenum>
    <un:status>MANUAL</un:status>
    <un:message>The page uses style sheets to present its content. Somebrowsers might be unable to understand style sheets, or theprovided style sheets may conflict with user-specified styleinformation.</un:message>
  </un:pbmitem>
  <un:pbmitem>
    <un:ruleid>StyleSheetsNotNecessary</un:ruleid>
    <un:fileurl>file:///C|/Documents and Settings/Zakariya/My Documents/ShopoholicWebsite/index.htm</un:fileurl>
    <un:offset1>301</un:offset1>
    <un:offset2>796</un:offset2>
    <un:linenum>9</un:linenum>
    <un:status>MANUAL</un:status>
    <un:message>The page uses style sheets to present its content. Somebrowsers might be unable to understand style sheets, or theprovided style sheets may conflict with user-specified styleinformation.</un:message>
  </un:pbmitem>
  <un:pbmitem>
    <un:ruleid>TextOnlyEquivPage</un:ruleid>
    <un:fileurl>file:///C|/Documents and Settings/Zakariya/My Documents/ShopoholicWebsite/index.htm</un:fileurl>
    <un:offset1>798</un:offset1>
    <un:offset2>2046</un:offset2>
    <un:linenum>30</un:linenum>
    <un:status>MANUAL</un:status>
    <un:message></un:message>
  </un:pbmitem>
  <un:pbmitem>
    <un:ruleid>AccessibleScripts</un:ruleid>
    <un:fileurl>file:///C|/Documents and Settings/Zakariya/My Documents/ShopoholicWebsite/index.htm</un:fileurl>
    <un:offset1>2206</un:offset1>
    <un:offset2>7544</un:offset2>
    <un:linenum>63</un:linenum>
    <un:status>MANUAL</un:status>
    <un:message>The 'BODY' element has an event attribute ('ONLOAD'): check its accessibility.</un:message>
  </un:pbmitem>
  <un:pbmitem>
    <un:ruleid>AccessibleScripts</un:ruleid>
    <un:fileurl>file:///C|/Documents and Settings/Zakariya/My Documents/ShopoholicWebsite/index.htm</un:fileurl>
    <un:offset1>2962</un:offset1>
    <un:offset2>3265</un:offset2>
    <un:linenum>77</un:linenum>
    <un:status>MANUAL</un:status>
    <un:message>The 'A' element has an event attribute ('ONMOUSEOUT'): check its accessibility.</un:message>
  </un:pbmitem>
  <un:pbmitem>
    <un:ruleid>AccessibleScripts</un:ruleid>
    <un:fileurl>file:///C|/Documents and Settings/Zakariya/My Documents/ShopoholicWebsite/index.htm</un:fileurl>
    <un:offset1>2962</un:offset1>
    <un:offset2>3265</un:offset2>
    <un:linenum>77</un:linenum>
    <un:status>MANUAL</un:status>
    <un:message>The 'A' element has an event attribute ('ONMOUSEOVER'): check its accessibility.</un:message>
  </un:pbmitem>
  <un:pbmitem>
    <un:ruleid>AccessibleScripts</un:ruleid>
    <un:fileurl>file:///C|/Documents and Settings/Zakariya/My Documents/ShopoholicWebsite/index.htm</un:fileurl>
    <un:offset1>3079</un:offset1>
    <un:offset2>3261</un:offset2>
    <un:linenum>77</un:linenum>
    <un:status>MANUAL</un:status>
    <un:message>The 'IMG' element has an event attribute ('ONCLICK'): check its accessibility.</un:message>
  </un:pbmitem>
  <un:pbmitem>
    <un:ruleid>AccessibleScripts</un:ruleid>
    <un:fileurl>file:///C|/Documents and Settings/Zakariya/My Documents/ShopoholicWebsite/index.htm</un:fileurl>
    <un:offset1>3771</un:offset1>
    <un:offset2>4078</un:offset2>
    <un:linenum>89</un:linenum>
    <un:status>MANUAL</un:status>
    <un:message>The 'A' element has an event attribute ('ONMOUSEOUT'): check its accessibility.</un:message>
  </un:pbmitem>
  <un:pbmitem>
    <un:ruleid>AccessibleScripts</un:ruleid>
    <un:fileurl>file:///C|/Documents and Settings/Zakariya/My Documents/ShopoholicWebsite/index.htm</un:fileurl>
    <un:offset1>3771</un:offset1>
    <un:offset2>4078</un:offset2>
    <un:linenum>89</un:linenum>
    <un:status>MANUAL</un:status>
    <un:message>The 'A' element has an event attribute ('ONMOUSEOVER'): check its accessibility.</un:message>
  </un:pbmitem>
  <un:pbmitem>
    <un:ruleid>AccessibleScripts</un:ruleid>
    <un:fileurl>file:///C|/Documents and Settings/Zakariya/My Documents/ShopoholicWebsite/index.htm</un:fileurl>
    <un:offset1>3888</un:offset1>
    <un:offset2>4074</un:offset2>
    <un:linenum>89</un:linenum>
    <un:status>MANUAL</un:status>
    <un:message>The 'IMG' element has an event attribute ('ONCLICK'): check its accessibility.</un:message>
  </un:pbmitem>
  <un:pbmitem>
    <un:ruleid>AccessibleScripts</un:ruleid>
    <un:fileurl>file:///C|/Documents and Settings/Zakariya/My Documents/ShopoholicWebsite/index.htm</un:fileurl>
    <un:offset1>4660</un:offset1>
    <un:offset2>4976</un:offset2>
    <un:linenum>102</un:linenum>
    <un:status>MANUAL</un:status>
    <un:message>The 'A' element has an event attribute ('ONMOUSEOUT'): check its accessibility.</un:message>
  </un:pbmitem>
  <un:pbmitem>
    <un:ruleid>AccessibleScripts</un:ruleid>
    <un:fileurl>file:///C|/Documents and Settings/Zakariya/My Documents/ShopoholicWebsite/index.htm</un:fileurl>
    <un:offset1>4660</un:offset1>
    <un:offset2>4976</un:offset2>
    <un:linenum>102</un:linenum>
    <un:status>MANUAL</un:status>
    <un:message>The 'A' element has an event attribute ('ONMOUSEOVER'): check its accessibility.</un:message>
  </un:pbmitem>
  <un:pbmitem>
    <un:ruleid>AccessibleScripts</un:ruleid>
    <un:fileurl>file:///C|/Documents and Settings/Zakariya/My Documents/ShopoholicWebsite/index.htm</un:fileurl>
    <un:offset1>4783</un:offset1>
    <un:offset2>4972</un:offset2>
    <un:linenum>102</un:linenum>
    <un:status>MANUAL</un:status>
    <un:message>The 'IMG' element has an event attribute ('ONCLICK'): check its accessibility.</un:message>
  </un:pbmitem>
  <un:pbmitem>
    <un:ruleid>SkipRepetitiveLinks</un:ruleid>
    <un:fileurl>file:///C|/Documents and Settings/Zakariya/My Documents/ShopoholicWebsite/index.htm</un:fileurl>
    <un:offset1>2206</un:offset1>
    <un:offset2>7544</un:offset2>
    <un:linenum>63</un:linenum>
    <un:status>MANUAL</un:status>
    <un:message>Check if a textual link is present for skipping navigationallinks that are repeated in all the pages.</un:message>
  </un:pbmitem>
  <un:pbmitem>
    <un:ruleid>NoJavascriptLinks</un:ruleid>
    <un:fileurl>file:///C|/Documents and Settings/Zakariya/My Documents/ShopoholicWebsite/index.htm</un:fileurl>
    <un:offset1>2962</un:offset1>
    <un:offset2>3265</un:offset2>
    <un:linenum>77</un:linenum>
    <un:status>FAILED</un:status>
    <un:message></un:message>
  </un:pbmitem>
  <un:pbmitem>
    <un:ruleid>NoJavascriptLinks</un:ruleid>
    <un:fileurl>file:///C|/Documents and Settings/Zakariya/My Documents/ShopoholicWebsite/index.htm</un:fileurl>
    <un:offset1>3771</un:offset1>
    <un:offset2>4078</un:offset2>
    <un:linenum>89</un:linenum>
    <un:status>FAILED</un:status>
    <un:message></un:message>
  </un:pbmitem>
  <un:pbmitem>
    <un:ruleid>NoJavascriptLinks</un:ruleid>
    <un:fileurl>file:///C|/Documents and Settings/Zakariya/My Documents/ShopoholicWebsite/index.htm</un:fileurl>
    <un:offset1>4660</un:offset1>
    <un:offset2>4976</un:offset2>
    <un:linenum>102</un:linenum>
    <un:status>FAILED</un:status>
    <un:message></un:message>
  </un:pbmitem>
  <un:pbmitem>
    <un:ruleid>NoFlickeringGIFs</un:ruleid>
    <un:fileurl>file:///C|/Documents and Settings/Zakariya/My Documents/ShopoholicWebsite/index.htm</un:fileurl>
    <un:offset1>2206</un:offset1>
    <un:offset2>7544</un:offset2>
    <un:linenum>63</un:linenum>
    <un:status>MANUAL</un:status>
    <un:message>The page contains GIF images: Are they causing the screen toflicker? If so, please modify or remove the images.</un:message>
  </un:pbmitem>
  <un:pbmitem>
    <un:ruleid>NoFlickeringObjects</un:ruleid>
    <un:fileurl>file:///C|/Documents and Settings/Zakariya/My Documents/ShopoholicWebsite/index.htm</un:fileurl>
    <un:offset1>798</un:offset1>
    <un:offset2>2046</un:offset2>
    <un:linenum>30</un:linenum>
    <un:status>MANUAL</un:status>
    <un:message></un:message>
  </un:pbmitem>
  <un:pbmitem>
    <un:ruleid>ClearLangForSite</un:ruleid>
    <un:fileurl>file:///C|/Documents and Settings/Zakariya/My Documents/ShopoholicWebsite/index.htm</un:fileurl>
    <un:offset1>2206</un:offset1>
    <un:offset2>7544</un:offset2>
    <un:linenum>63</un:linenum>
    <un:status>MANUAL</un:status>
    <un:message></un:message>
  </un:pbmitem>
  <un:pbmitem>
    <un:ruleid>ClarifyNatLangUsage</un:ruleid>
    <un:fileurl>file:///C|/Documents and Settings/Zakariya/My Documents/ShopoholicWebsite/index.htm</un:fileurl>
    <un:offset1>2206</un:offset1>
    <un:offset2>7544</un:offset2>
    <un:linenum>63</un:linenum>
    <un:status>MANUAL</un:status>
    <un:message></un:message>
  </un:pbmitem>
</un:pbmstore>
